id,Wohnbaufläche,Gewerbefläche,Gemischt,Straßen
09,3314.399999999994,1527.4700000000012,1159.6300000000047,1453.9200000000128
